category,file,width,height,format,transparent,source
brand,app-icon.png,138,146,PNG,yes,AI sprite artwork
brand,logo-compact.png,275,92,PNG,yes,AI sprite artwork
brand,logo-mark.png,199,156,PNG,yes,AI sprite artwork
brand,logo-primary.png,393,172,PNG,yes,AI sprite artwork
brand,logo-wide.png,353,138,PNG,yes,AI sprite artwork
mascot,celebrating.png,119,113,PNG,yes,AI sprite artwork
mascot,encouraging.png,145,142,PNG,yes,AI sprite artwork
mascot,excited.png,151,150,PNG,yes,AI sprite artwork
mascot,happy.png,130,149,PNG,yes,AI sprite artwork
mascot,neutral.png,160,166,PNG,yes,AI sprite artwork
mascot,surprised.png,235,143,PNG,yes,AI sprite artwork
mascot,thinking.png,139,139,PNG,yes,AI sprite artwork
ui,back.png,79,73,PNG,yes,AI sprite artwork
ui,book.png,76,67,PNG,yes,AI sprite artwork
ui,button-menu.png,28,34,PNG,yes,AI sprite artwork
ui,button-next.png,155,80,PNG,yes,AI sprite artwork
ui,button-play.png,176,81,PNG,yes,AI sprite artwork
ui,button-review.png,167,80,PNG,yes,AI sprite artwork
ui,correct.png,80,76,PNG,yes,AI sprite artwork
ui,diamond.png,80,76,PNG,yes,AI sprite artwork
ui,fast-forward.png,62,66,PNG,yes,AI sprite artwork
ui,heart.png,83,75,PNG,yes,AI sprite artwork
ui,help.png,69,70,PNG,yes,AI sprite artwork
ui,home.png,88,81,PNG,yes,AI sprite artwork
ui,info.png,69,69,PNG,yes,AI sprite artwork
ui,lock.png,58,73,PNG,yes,AI sprite artwork
ui,menu.png,81,80,PNG,yes,AI sprite artwork
ui,music.png,57,64,PNG,yes,AI sprite artwork
ui,next.png,80,80,PNG,yes,AI sprite artwork
ui,pause.png,64,68,PNG,yes,AI sprite artwork
ui,play.png,84,80,PNG,yes,AI sprite artwork
ui,refresh.png,70,72,PNG,yes,AI sprite artwork
ui,review.png,85,81,PNG,yes,AI sprite artwork
ui,scroll.png,62,67,PNG,yes,AI sprite artwork
ui,search.png,76,79,PNG,yes,AI sprite artwork
ui,settings.png,79,81,PNG,yes,AI sprite artwork
ui,sound.png,73,70,PNG,yes,AI sprite artwork
ui,star.png,75,76,PNG,yes,AI sprite artwork
ui,streak.png,70,83,PNG,yes,AI sprite artwork
ui,trophy.png,81,82,PNG,yes,AI sprite artwork
ui,unlock.png,58,73,PNG,yes,AI sprite artwork
ui,wrong.png,72,72,PNG,yes,AI sprite artwork
ui,xp.png,62,77,PNG,yes,AI sprite artwork
categories,animals.png,80,78,PNG,yes,AI sprite artwork
categories,art.png,88,87,PNG,yes,AI sprite artwork
categories,clothes.png,83,78,PNG,yes,AI sprite artwork
categories,feelings.png,86,81,PNG,yes,AI sprite artwork
categories,food.png,72,79,PNG,yes,AI sprite artwork
categories,home.png,79,79,PNG,yes,AI sprite artwork
categories,nature.png,81,85,PNG,yes,AI sprite artwork
categories,reading.png,84,70,PNG,yes,AI sprite artwork
categories,school.png,79,83,PNG,yes,AI sprite artwork
categories,science.png,77,89,PNG,yes,AI sprite artwork
categories,sports.png,80,81,PNG,yes,AI sprite artwork
categories,time.png,81,82,PNG,yes,AI sprite artwork
categories,transport.png,93,73,PNG,yes,AI sprite artwork
categories,travel.png,86,85,PNG,yes,AI sprite artwork
categories,weather.png,80,81,PNG,yes,AI sprite artwork
vocabulary,vocab-001.png,57,44,PNG,yes,AI sprite artwork
vocabulary,vocab-002.png,57,58,PNG,yes,AI sprite artwork
vocabulary,vocab-003.png,59,60,PNG,yes,AI sprite artwork
vocabulary,vocab-004.png,58,42,PNG,yes,AI sprite artwork
vocabulary,vocab-005.png,58,58,PNG,yes,AI sprite artwork
vocabulary,vocab-006.png,60,55,PNG,yes,AI sprite artwork
vocabulary,vocab-007.png,53,43,PNG,yes,AI sprite artwork
vocabulary,vocab-008.png,62,54,PNG,yes,AI sprite artwork
vocabulary,vocab-009.png,59,58,PNG,yes,AI sprite artwork
vocabulary,vocab-010.png,58,55,PNG,yes,AI sprite artwork
vocabulary,vocab-011.png,58,59,PNG,yes,AI sprite artwork
vocabulary,vocab-012.png,60,61,PNG,yes,AI sprite artwork
vocabulary,vocab-013.png,61,67,PNG,yes,AI sprite artwork
vocabulary,vocab-014.png,64,68,PNG,yes,AI sprite artwork
vocabulary,vocab-015.png,65,70,PNG,yes,AI sprite artwork
vocabulary,vocab-016.png,74,79,PNG,yes,AI sprite artwork
vocabulary,vocab-017.png,71,78,PNG,yes,AI sprite artwork
vocabulary,vocab-018.png,82,81,PNG,yes,AI sprite artwork
vocabulary,vocab-019.png,67,63,PNG,yes,AI sprite artwork
vocabulary,vocab-020.png,88,62,PNG,yes,AI sprite artwork
vocabulary,vocab-021.png,73,68,PNG,yes,AI sprite artwork
vocabulary,vocab-022.png,67,71,PNG,yes,AI sprite artwork
vocabulary,vocab-023.png,68,69,PNG,yes,AI sprite artwork
vocabulary,vocab-024.png,69,54,PNG,yes,AI sprite artwork
vocabulary,vocab-025.png,83,56,PNG,yes,AI sprite artwork
vocabulary,vocab-026.png,56,69,PNG,yes,AI sprite artwork
vocabulary,vocab-027.png,79,61,PNG,yes,AI sprite artwork
vocabulary,vocab-028.png,65,70,PNG,yes,AI sprite artwork
vocabulary,vocab-029.png,182,45,PNG,yes,AI sprite artwork
vocabulary,vocab-030.png,107,81,PNG,yes,AI sprite artwork
vocabulary,vocab-031.png,97,93,PNG,yes,AI sprite artwork
vocabulary,vocab-032.png,62,56,PNG,yes,AI sprite artwork
vocabulary,vocab-033.png,62,55,PNG,yes,AI sprite artwork
vocabulary,vocab-034.png,61,53,PNG,yes,AI sprite artwork
vocabulary,vocab-035.png,65,66,PNG,yes,AI sprite artwork
vocabulary,vocab-036.png,55,61,PNG,yes,AI sprite artwork
vocabulary,vocab-037.png,61,77,PNG,yes,AI sprite artwork
vocabulary,vocab-038.png,56,78,PNG,yes,AI sprite artwork
vocabulary,vocab-039.png,56,70,PNG,yes,AI sprite artwork
vocabulary,vocab-040.png,82,64,PNG,yes,AI sprite artwork
vocabulary,vocab-041.png,70,65,PNG,yes,AI sprite artwork
vocabulary,vocab-042.png,58,69,PNG,yes,AI sprite artwork
vocabulary,vocab-043.png,78,67,PNG,yes,AI sprite artwork
vocabulary,vocab-044.png,73,64,PNG,yes,AI sprite artwork
vocabulary,vocab-045.png,67,64,PNG,yes,AI sprite artwork
vocabulary,vocab-046.png,75,65,PNG,yes,AI sprite artwork
vocabulary,vocab-047.png,54,69,PNG,yes,AI sprite artwork
vocabulary,vocab-048.png,82,60,PNG,yes,AI sprite artwork
vocabulary,vocab-049.png,71,70,PNG,yes,AI sprite artwork
vocabulary,vocab-050.png,81,64,PNG,yes,AI sprite artwork
vocabulary,vocab-051.png,78,64,PNG,yes,AI sprite artwork
vocabulary,vocab-052.png,75,62,PNG,yes,AI sprite artwork
vocabulary,vocab-053.png,51,68,PNG,yes,AI sprite artwork
vocabulary,vocab-054.png,74,55,PNG,yes,AI sprite artwork
vocabulary,vocab-055.png,66,64,PNG,yes,AI sprite artwork
vocabulary,vocab-056.png,87,61,PNG,yes,AI sprite artwork
vocabulary,vocab-057.png,59,69,PNG,yes,AI sprite artwork
vocabulary,vocab-058.png,78,63,PNG,yes,AI sprite artwork
vocabulary,vocab-059.png,72,70,PNG,yes,AI sprite artwork
vocabulary,vocab-060.png,54,68,PNG,yes,AI sprite artwork
vocabulary,vocab-061.png,40,67,PNG,yes,AI sprite artwork
vocabulary,vocab-062.png,64,63,PNG,yes,AI sprite artwork
vocabulary,vocab-063.png,125,120,PNG,yes,AI sprite artwork
vocabulary,vocab-064.png,108,76,PNG,yes,AI sprite artwork
vocabulary,vocab-065.png,80,73,PNG,yes,AI sprite artwork
vocabulary,vocab-066.png,82,77,PNG,yes,AI sprite artwork
vocabulary,vocab-067.png,100,92,PNG,yes,AI sprite artwork
vocabulary,vocab-068.png,83,72,PNG,yes,AI sprite artwork
vocabulary,vocab-069.png,72,85,PNG,yes,AI sprite artwork
vocabulary,vocab-070.png,97,64,PNG,yes,AI sprite artwork
vocabulary,vocab-071.png,132,53,PNG,yes,AI sprite artwork
vocabulary,vocab-072.png,75,49,PNG,yes,AI sprite artwork
vocabulary,vocab-073.png,51,67,PNG,yes,AI sprite artwork
vocabulary,vocab-074.png,55,74,PNG,yes,AI sprite artwork
vocabulary,vocab-075.png,94,56,PNG,yes,AI sprite artwork
vocabulary,vocab-076.png,56,57,PNG,yes,AI sprite artwork
vocabulary,vocab-077.png,79,55,PNG,yes,AI sprite artwork
vocabulary,vocab-078.png,108,49,PNG,yes,AI sprite artwork
vocabulary,vocab-079.png,48,56,PNG,yes,AI sprite artwork
vocabulary,vocab-080.png,58,56,PNG,yes,AI sprite artwork
vocabulary,vocab-081.png,60,59,PNG,yes,AI sprite artwork
vocabulary,vocab-082.png,76,88,PNG,yes,AI sprite artwork
vocabulary,vocab-083.png,79,90,PNG,yes,AI sprite artwork
vocabulary,vocab-084.png,103,83,PNG,yes,AI sprite artwork
vocabulary,vocab-085.png,91,55,PNG,yes,AI sprite artwork
vocabulary,vocab-086.png,52,57,PNG,yes,AI sprite artwork
vocabulary,vocab-087.png,50,37,PNG,yes,AI sprite artwork
vocabulary,vocab-088.png,54,43,PNG,yes,AI sprite artwork
vocabulary,vocab-089.png,68,71,PNG,yes,AI sprite artwork
vocabulary,vocab-090.png,72,68,PNG,yes,AI sprite artwork
vocabulary,vocab-091.png,64,69,PNG,yes,AI sprite artwork
vocabulary,vocab-092.png,75,58,PNG,yes,AI sprite artwork
vocabulary,vocab-093.png,70,61,PNG,yes,AI sprite artwork
vocabulary,vocab-094.png,73,67,PNG,yes,AI sprite artwork
vocabulary,vocab-095.png,73,65,PNG,yes,AI sprite artwork
vocabulary,vocab-096.png,61,71,PNG,yes,AI sprite artwork
vocabulary,vocab-097.png,63,65,PNG,yes,AI sprite artwork
vocabulary,vocab-098.png,57,56,PNG,yes,AI sprite artwork
vocabulary,vocab-099.png,51,68,PNG,yes,AI sprite artwork
vocabulary,vocab-100.png,59,78,PNG,yes,AI sprite artwork
feedback-fx,confetti.png,76,105,PNG,yes,AI sprite artwork
feedback-fx,correct.png,115,113,PNG,yes,AI sprite artwork
feedback-fx,level-up.png,53,63,PNG,yes,AI sprite artwork
feedback-fx,perfect-star.png,108,108,PNG,yes,AI sprite artwork
feedback-fx,portal.png,143,75,PNG,yes,AI sprite artwork
feedback-fx,sparkles.png,116,119,PNG,yes,AI sprite artwork
feedback-fx,wrong.png,234,36,PNG,yes,AI sprite artwork
feedback-fx,xp-100.png,114,101,PNG,yes,AI sprite artwork
world,map-path.png,216,100,PNG,yes,AI sprite artwork
world,map-sign.png,98,85,PNG,yes,AI sprite artwork
world,stone-bridge.png,111,76,PNG,yes,AI sprite artwork
world,world-desert.png,113,163,PNG,yes,AI sprite artwork
world,world-green.png,96,158,PNG,yes,AI sprite artwork
world,world-ice.png,119,167,PNG,yes,AI sprite artwork
world,world-magic.png,115,167,PNG,yes,AI sprite artwork
world,world-volcano.png,113,175,PNG,yes,AI sprite artwork
avatars,avatar-01.png,79,95,PNG,yes,AI sprite artwork
avatars,avatar-02.png,86,95,PNG,yes,AI sprite artwork
avatars,avatar-03.png,77,97,PNG,yes,AI sprite artwork
avatars,avatar-04.png,83,95,PNG,yes,AI sprite artwork
avatars,avatar-05.png,82,103,PNG,yes,AI sprite artwork
avatars,avatar-06.png,89,100,PNG,yes,AI sprite artwork
avatars,avatar-07.png,87,99,PNG,yes,AI sprite artwork
avatars,avatar-08.png,32,82,PNG,yes,AI sprite artwork
rewards,achievement-medal.png,70,93,PNG,yes,AI sprite artwork
rewards,bronze-medal.png,82,99,PNG,yes,AI sprite artwork
rewards,crown.png,95,93,PNG,yes,AI sprite artwork
rewards,diamond.png,90,87,PNG,yes,AI sprite artwork
rewards,gold-medal.png,86,100,PNG,yes,AI sprite artwork
rewards,laurel.png,90,89,PNG,yes,AI sprite artwork
rewards,mastered-100.png,87,91,PNG,yes,AI sprite artwork
rewards,shield-star.png,80,95,PNG,yes,AI sprite artwork
rewards,silver-medal.png,80,99,PNG,yes,AI sprite artwork
rewards,streak-badge.png,71,93,PNG,yes,AI sprite artwork
rewards,target.png,81,87,PNG,yes,AI sprite artwork
rewards,trophy.png,98,100,PNG,yes,AI sprite artwork
